{
  "cars": [{
          "make": "India",
          "models": ["Andaman and Nicobar Islands",
          "Andhra Pradesh",
          "Arunachal Pradesh",
          "Assam",
          "Bihar",
          "Chandigarh",
          "Chhattisgarh",
          "Dadra and Nagar Haveli",
          "Daman and Diu",
          "Delhi",
          "Goa",
          "Gujarat",
          "Haryana",
          "Himachal Pradesh",
          "Jammu and Kashmir",
          "Jharkhand",
          "Karnataka",
          "Kerala",
          "Ladakh",
          "Lakshadweep",
          "Madhya Pradesh",
          "Maharashtra",
          "Manipur",
          "Meghalaya",
          "Mizoram",
          "Nagaland",
          "Odisha",
          "Puducherry",
          "Punjab",
          "Rajasthan",
          "Sikkim",
          "Tamil Nadu",
          "Telangana",
          "Tripura",
          "Uttar Pradesh",
          "Uttarakhand",
          "West Bengal"
        ]
      },{
          "make": "China",
          "models": [ "Guangxi",
         "Nei Mongol",
         "Ningxia",
         "Xinjiang",
         "Xizang",
         "Beijing",
         "Chongqing",
         "Shanghai",
         "Tianjin",
         "Anhui",
         "Fujian",
         "Gansu",
         "Guangdong",
         "Guizhou",
         "Hainan",
         "Hebei",
         "Heilongjiang",
         "Henan",
         "Hubei",
         "Hunan",
         "Jiangsu",
         "Jiangxi",
         "Jilin",
         "Liaoning",
         "Qinghai",
         "Shaanxi",
         "Sichuan",
         "Taiwan",
         "Yunnan",
         "Zhejiang",
         "Hong Kong"
         ]
      },{
          "make": "US",
          "models":[ "Alabama",
    "Alaska",
    "American Samoa",
    "Arizona",
    "Arkansas",
    "California",
    "Colorado",
    "Connecticut",
    "Delaware",
    "District Of Columbia",
    "Federated States Of Micronesia",
    "Florida",
    "Georgia",
    "Guam",
    "Hawaii",
    "Idaho",
    "Illinois",
    "Indiana",
    "Iowa",
    "Kansas",
    "Kentucky",
    "Louisiana",
    "Maine",
    "Marshall Islands",
    "Maryland",
    "Massachusetts",
    "Michigan",
    "Minnesota",
    "Mississippi",
    "Missouri",
    "Montana",
    "Nebraska",
    "Nevada",
    "New Hampshire",
    "New Jersey",
    "New Mexico",
    "New York",
    "North Carolina",
    "North Dakota",
    "Northern Mariana Islands",
    "Ohio",
    "Oklahoma",
    "Oregon",
    "Palau",
    "Pennsylvania",
    "Puerto Rico",
    "Rhode Island",
    "South Carolina",
    "South Dakota",
    "Tennessee",
    "Texas",
    "Utah",
    "Vermont",
    "Virgin Islands",
    "Virginia",
    "Washington",
    "West Virginia",
    "Wisconsin",
    "Wyoming"
          ]
      }
  ]
}